URL,media,is_nyhed,type_article,date,countries
https://www.tagesschau.de/ausland/asien/geiseln-hamas-uebersicht-100.html,ARD,1,ausland,2025-10-11,"Germany, Israel, Palestine, Republic of Serbia, Ukraine, United States of America"
https://www.tagesschau.de/ausland/asien/trump-geiseln-reise-aegypten-100.html,ARD,1,ausland,2025-10-11,"Egypt, Germany, Israel, Palestine"
https://www.tagesschau.de/ausland/europa/frankreich-regierungsauftrag-lecornu-100.html,ARD,1,ausland,2025-10-11,France
https://www.dr.dk/nyheder/penge/store-finansielle-institutioner-advarer-om-ai-boble-er-boblen-ved-briste,DR,1,penge,2025-10-11,"China, Denmark, United States of America"
https://www.dr.dk/nyheder/viden/det-er-tid-til-goere-op-med-rosenkaalstraumet-den-smager-ikke-som-40-aar-siden,DR,1,viden,2025-10-11,Denmark
https://www.dr.dk/sporten/cykling/suveraen-pogacar-vinder-lombardiet-rundt-femte-aar-i-traek,DR,0,sporten,2025-10-11,"Belgium, Poland, Slovenia"
https://www.dr.dk/nyheder/indland/aarhus-borgmester-satser-stort-paa-tiktok-nu-har-han-over-11-000-foelgere,DR,1,indland,2025-10-11,"China, Denmark, United States of America"
https://www.dr.dk/nyheder/indland/fra-vaelgermoeder-til-virale-videoer-lokalpolitikere-danser-paa-tiktok-naa-de-unge-vaelgere,DR,1,indland,2025-10-11,China
https://www.dr.dk/nyheder/seneste/mand-doed-i-trafikuheld-med-letbane-i-glostrup,DR,1,seneste,2025-10-11,NO_COUNTRIES
https://www.dr.dk/nyheder/kultur/en-selfie-r-i-p-kondolere-r-hvordan-udtrykker-man-sin-medfoelelse-naar-nogen-doer,DR,1,kultur,2025-10-11,Denmark
https://www.dr.dk/nyheder/udland/18-personer-savnet-efter-eksplosion-paa-ammunitionsfabrik,DR,1,udland,2025-10-11,United States of America
https://www.dr.dk/nyheder/indland/unge-ukrainske-maend-boer-blive-hjemme-og-forsvare-deres-land-mener-df-profil,DR,1,indland,2025-10-11,"Denmark, Poland, Russia, Ukraine"
https://www.dr.dk/nyheder/vejret/ekstreme-regnmaengder-i-spanien-og-mere-paa-vej,DR,1,vejret,2025-10-11,Spain
https://www.dr.dk/p3/vil-du-gerne-have-en-trekant-med-kaeresten-isaer-et-spoergsmaal-skal-du-stille-dig-selv-foerst,DR,0,p3,2025-10-11,NO_COUNTRIES
https://www.dr.dk/nyheder/penge/trump-gambler-med-oekonomien-spillebordet-maa-i-brug-naar-ambassadoer-taler-om-usa,DR,1,penge,2025-10-11,"China, Denmark, France, Germany, Iceland, United Kingdom, United States of America"
https://www.dr.dk/nyheder/indland/flere-danskere-bliver-hjemme-i-efteraarsferien,DR,1,indland,2025-10-11,"Denmark, Israel, Palestine"
https://www.dr.dk/nyheder/indland/jeg-vil-gaa-saa-langt-som-til-doe-mit-faedreland-manu-sareen-har-meldt-sig-til-hjemmevaernet,DR,1,indland,2025-10-11,Denmark
https://www.dr.dk/sporten/fodbold/landsholdet/hvis-arteta-henter-dig-saa-bevidner-det-om-dine-kvaliteter,DR,0,sporten,2025-10-11,"Belarus, Denmark, Greece"
https://www.dr.dk/nyheder/indland/1000-babyer-fodres-med-bakterie-i-haab-om-goere-fremtidens-boern-sundere,DR,1,indland,2025-10-11,Denmark
https://www.dr.dk/det-bedste-fra-dr/endelig-succes-i-gift-ved-foerste-blik-nu-flytter-de-sammen,DR,0,det-bedste-fra-dr,2025-10-11,"Denmark, Sweden"
https://www.dr.dk/nyheder/udland/analyse-efter-uvelkommen-opmaerksomhed-fra-trump-sender-groenland-og-eu-nu-hinanden-kaerlige-blikke,DR,1,udland,2025-10-11,"China, France, Germany, Greenland, Russia, United Kingdom, United States of America"
https://www.dr.dk/p3/miri-ann-vil-ikke-vaere-kaerester-med-en-pornotaber,DR,0,p3,2025-10-11,NO_COUNTRIES
https://www.dr.dk/nyheder/vejret/saadan-bliver-vejret-i-efteraarsferien-2,DR,1,vejret,2025-10-11,Denmark
https://www.dr.dk/nyheder/kultur/naevn-gaar-ind-i-sag-om-planet-nusa-toej-i-bachelorrette,DR,1,kultur,2025-10-11,Denmark
https://www.dr.dk/nyheder/unge-ukrainske-maend-stroemmer-til-danmark-efter-nye-regler-i-ukraine-det-er-en-ny-situation,DR,1,unge-ukrainske-maend-stroemmer-til-danmark-efter-nye-regler-i-ukraine-det-er-en-ny-situation,2025-10-11,"Denmark, Norway, Poland, Ukraine"
https://www.dr.dk/nyheder/kultur/stjernecast-er-samlet-igen-kan-du-huske-blinkende-lygter-hvor-det-hele-startede,DR,1,kultur,2025-10-11,Denmark
https://www.dr.dk/nyheder/udland/live-hamas-og-israel-enige-om-foerste-del-af-fredsaftale,DR,1,udland,2025-10-11,"Denmark, Israel, Palestine"
https://www.dr.dk/nyheder/udland/jeg-efterlod-min-familie-og-begyndte-gaa-mod-nord-palaestinensere-vender-hjem-til-murbrokker,DR,1,udland,2025-10-11,"Egypt, Israel, Palestine, United Kingdom, United States of America"
https://www.dr.dk/sporten/fodbold/seneste-og-vigtigste-nyt-om-fodbold,DR,0,sporten,2025-10-11,"Belarus, Denmark, Greece, Norway"
https://www.dr.dk/sporten/tennis/seneste-nyt-om-tennis,DR,0,sporten,2025-10-11,Denmark
https://www.dr.dk/nyheder/indland/lejere-kritiserer-hasteevakuering-i-odense-det-var-uhensigtsmaessigt-dramatisk,DR,1,indland,2025-10-11,Denmark
https://www.dr.dk/nyheder/seneste/forsvaret-faar-egen-kajplads-i-nuuk,DR,1,seneste,2025-10-11,"Austria, Belarus, China, Denmark, Egypt, France, Germany, Greece, Greenland, Israel, Lebanon, North Korea, Norway, Palestine, Russia, Spain, Sudan, Sweden, Ukraine, United Kingdom, United States of America, Vietnam"
https://www.dr.dk/nyheder/udland/fransk-premierminister-genudnaevnt-fire-dage-efter-opsigelse-en-demokratisk-skandale-og-ydmygelse,DR,1,udland,2025-10-11,"France, Jordan"
https://www.dr.dk/nyheder/penge/jagten-paa-billige-foedevarer-har-faaet-nikolaj-til-udvikle-en-digital-tilbudsjaeger,DR,1,penge,2025-10-11,Denmark
https://www.dr.dk/nyheder/seneste/naesten-10-procent-af-europas-vilde-bier-risikerer-udryddelse,DR,1,seneste,2025-10-11,"Austria, Belarus, China, Denmark, Egypt, France, Germany, Greece, Greenland, Israel, Lebanon, North Korea, Norway, Palestine, Russia, Spain, Sudan, Sweden, Ukraine, United Kingdom, United States of America, Vietnam"
https://www.dr.dk/nyheder/indland/ny-milliardaftale-sender-specialstyrker-og-nyt-hovedkvarter-til-nuuk,DR,1,indland,2025-10-11,"Denmark, Greenland, Russia, United States of America"
https://www.dr.dk/nyheder/seneste/overblik-se-hvad-de-mange-nye-milliarder-til-forsvaret-og-arktis-skal-bruges-paa,DR,1,seneste,2025-10-11,"Denmark, Greenland"
https://www.dr.dk/sporten/pogacar-har-vaeret-dobbelt-saa-god-som-vingegaard-i-2025,DR,0,sporten,2025-10-11,"Benin, Canada, Denmark, France, Italy, Netherlands, Rwanda, Slovenia, United Arab Emirates, United States of America"
https://www.dr.dk/nyheder/kultur/foerst-smadrer-de-hinanden-bagefter-deler-de-en-pizza-podcast-afdaekker-hemmeligt-kampmiljoe-i,DR,1,kultur,2025-10-11,"Denmark, United States of America"
https://www.dr.dk/sporten/formel1/formel-1-boss-savner-fyret-rival,DR,0,sporten,2025-10-11,"Germany, Netherlands, Norway"
https://www.dr.dk/nyheder/seneste/landets-mindste-kommune-dropper-valgplakater,DR,1,seneste,2025-10-11,"Austria, Belarus, China, Denmark, Egypt, France, Germany, Greece, Greenland, Israel, Lebanon, North Korea, Norway, Palestine, Russia, Spain, Sudan, Sweden, Ukraine, United Kingdom, United States of America, Vietnam"
https://www.dr.dk/sporten/fodbold/svenske-fans-og-medier-gaar-i-flaesket-paa-jon-dahl-efter-endnu-en-skuffelse,DR,0,sporten,2025-10-11,"Denmark, Kosovo, Slovenia, Sweden, Switzerland"
https://www.dr.dk/nyheder/seneste/over-4-200-offentligt-ansatte-mister-jobbet-i-usa,DR,1,seneste,2025-10-11,"Austria, Belarus, China, Denmark, Egypt, France, Germany, Greece, Greenland, Israel, Lebanon, North Korea, Norway, Palestine, Russia, Spain, Sudan, Sweden, Ukraine, United Kingdom, United States of America, Vietnam"
https://www.dr.dk/nyheder/seneste/trump-rasler-med-sablen-og-varsler-yderligere-100-procent-straftold-paa-kina,DR,1,seneste,2025-10-11,"China, South Korea, United States of America"
https://www.dr.dk/nyheder/politik/korrespondent-ny-forsvarsaftale-er-et-plaster-paa-et-bloedende-saar-danmark,DR,1,politik,2025-10-11,"Denmark, Greenland, Ukraine"
https://www.dr.dk/nyheder/politik/danmark-koeber-16-nye-kampfly-og-investerer-milliarder-i-arktis,DR,1,politik,2025-10-11,"Denmark, Greenland, United States of America"
https://www.dr.dk/sporten/haandbold/kongerne-af-champions-league-er-kommet-til-danmark,DR,0,sporten,2025-10-11,Denmark
https://www.dr.dk/nyheder/indland/museum-blaest-bagover-designeren-graed-over-udstillingen,DR,1,indland,2025-10-11,Denmark
https://www.dr.dk/nyheder/kultur/magien-forsvandt-j-k-rowling-emma-watson-og-konflikten-der-splitter-fans,DR,1,kultur,2025-10-11,"United Kingdom, United States of America"
https://www.dr.dk/nyheder/kultur/efter-et-breakdown-over-det-koebenhavnske-boligmarked-har-freja-taget-sagen-i-egen-haand,DR,1,kultur,2025-10-11,Denmark
https://www.dr.dk/det-bedste-fra-dr/maria-og-hendes-kaereste-byttede-roller-i-hjemmet-i-en-maaned-efter-dage-var-hun,DR,0,det-bedste-fra-dr,2025-10-11,Denmark
https://www.dr.dk/nyheder/indland/skynd-jer-sige-det-videre-til-jeres-foraeldre-minecraft-influencer-politianmeldt,DR,1,indland,2025-10-11,Denmark
https://www.dr.dk/nyheder/politik/derfor-fortsaetter-diskussionen-paa-et-centralt-punkt-er-der-modstridende-konklusioner-paa-minksagen,DR,1,politik,2025-10-11,NO_COUNTRIES
https://www.dr.dk/nyheder/kultur/dr-naegter-konkretisere-udtalelser-bag-fyring-af-debattoer-handler-om-politisk-pres,DR,1,kultur,2025-10-11,Denmark
https://www.dr.dk/nyheder/indland/bedre-forhold-fugle-paa-vej-til-vadehavet,DR,1,indland,2025-10-11,Denmark
https://www.dr.dk/nyheder/indland/trods-flere-penge-faerre-flyafgange-mellem-koebenhavn-og-bornholm,DR,1,indland,2025-10-11,NO_COUNTRIES
https://www.dr.dk/nyheder/politik/kommunalvalg/las-kandidattal-paa-himmelflugt-andre-ser-det-mere-sort-ud,DR,1,politik,2025-10-11,Denmark
https://www.dr.dk/nyheder/seneste/geert-wilders-stopper-valgkampagne,DR,1,seneste,2025-10-11,"Austria, Belarus, Belgium, China, Denmark, Egypt, France, Germany, Greece, Greenland, Israel, Lebanon, Netherlands, North Korea, Norway, Palestine, Russia, Spain, Sudan, Sweden, Ukraine, United Kingdom, United States of America, Vietnam"
https://www.dr.dk/nyheder/indland/hadet-modet-joeder-er-ikke-kun-blevet-stoerre-de-seneste-aar-det-har-altid-vaeret-der-mener,DR,1,indland,2025-10-11,"Denmark, Israel, Palestine"
https://www.dr.dk/nyheder/viden/nyt-studie-dine-madvaner-afsloerer-hvor-tolerant-du-er,DR,1,viden,2025-10-11,"Austria, China, Denmark, France, India, Spain, Thailand, Turkey, United Kingdom"
https://www.dr.dk/nyheder/viden/klima/indonesiens-stoerste-synker-i-havet-dansk-fotograf-har-fulgt-de-boern-det-gaar-ud-over,DR,1,viden,2025-10-11,"Denmark, Indonesia"
https://www.dr.dk/ligetil/ligetil-paa-tegnsprog/ditte-vil-gerne-bo-rigtig-smaat-nu-bygger-hun-et-tiny-house-paa-34,DR,0,ligetil,2025-10-11,NO_COUNTRIES
https://www.dr.dk/nyheder/kultur/hvordan-skal-den-moderne-gentleman-opfoere-sig-et-af-verdens-foerende-mandemagasiner-har-125-bud,DR,1,kultur,2025-10-11,Denmark
https://www.dr.dk/nyheder/seneste/over-180-lejligheder-i-odense-evakueres-paa-grund-af-usikkerhed-i-fundamentet,DR,1,seneste,2025-10-11,NO_COUNTRIES
https://www.dr.dk/nyheder/kultur/mange-toer-i-forvejen-ikke-bruge-solsikkesnoren-siger-organisationer-efter-klovn-joke,DR,1,kultur,2025-10-11,NO_COUNTRIES
https://www.dr.dk/nyheder/seneste/flere-doede-efter-eksplosion-paa-spraengstoffabrik-i-tennessee,DR,1,seneste,2025-10-11,United States of America
https://www.dr.dk/nyheder/udland/droner-spottet-over-nato-basen-i-letland-det-er-ikke-bare-noget-der-sker-en-gang-i-mellem,DR,1,udland,2025-10-11,"Denmark, Latvia, Russia"
https://www.dr.dk/nyheder/seneste/novo-stopper-forskningsprojekt-og-fyrer-250-medarbejdere,DR,1,seneste,2025-10-11,Denmark
https://www.dr.dk/nyheder/indland/million-donation-til-stenrev-og-aalegraes-i-oestjysk-oehav-og-fjord-der-skal-stadig-styr-paa,DR,1,indland,2025-10-11,Denmark
https://www.bbc.com/news/articles/cgmzmn4971zo,BBC,1,news,2025-10-12,"Afghanistan, Bangladesh, India, Pakistan, Qatar, Saudi Arabia, United Arab Emirates"
https://www.bbc.com/news/articles/cn828kg8rmzo,BBC,1,news,2025-10-12,"China, South Korea"
https://www.bbc.com/news/articles/c0kn6x711y2o,BBC,1,news,2025-10-12,"Canada, China"
https://www.bbc.com/travel/article/20251010-italys-hidden-mountain-museums-in-the-clouds,BBC,0,travel,2025-10-12,"Antarctica, Austria, Canada, Egypt, Germany, Greenland, Iraq, Italy, Japan, Kazakhstan, Namibia, Singapore, Turkey, United Kingdom"
https://www.bbc.com/news/articles/c04q4v64q05o,BBC,1,news,2025-10-12,"Austria, Brazil, China, Germany, Hungary, Netherlands, Romania, United Kingdom"
https://www.bbc.com/news/articles/cx2jwgnwmezo,BBC,1,news,2025-10-12,"China, India, Namibia, Nepal, Pakistan, South Korea, United Kingdom"
https://www.bbc.com/news/articles/cd070pn4g07o,BBC,1,news,2025-10-12,"Cameroon, France, Madagascar"
https://www.bbc.com/news/articles/cy0vzegkqweo,BBC,1,news,2025-10-12,United Kingdom
https://www.bbc.com/news/articles/cg5e5eg86mvo,BBC,1,news,2025-10-12,China
https://www.bbc.com/sport/american-football/live/cy98ywedyv4t,BBC,0,sport,2025-10-12,"Australia, Sweden, United Kingdom"
https://www.bbc.com/news/articles/cwy870p96yjo,BBC,1,news,2025-10-12,"France, Germany, India, Pakistan, Russia, Ukraine, United Kingdom"
https://www.bbc.com/news/articles/cr5q5rp4r64o,BBC,1,news,2025-10-12,NO_COUNTRIES
https://www.bbc.com/future/article/20251010-the-microbes-lurking-in-your-shower-head,BBC,0,future,2025-10-12,"Australia, Bulgaria, China, Iceland, Israel, Netherlands, Switzerland, United Kingdom"
https://www.bbc.com/news/articles/ce808gvp56mo,BBC,1,news,2025-10-12,"China, United States of America"
https://www.bbc.com/news/articles/c8rvzmyyzmpo,BBC,1,news,2025-10-12,"Canada, Japan, South Korea, United Kingdom, United States of America"
https://www.bbc.com/news/articles/cy7p72rj2geo,BBC,1,news,2025-10-12,"Cameroon, Seychelles"
https://www.bbc.com/news/articles/c75q5qng0rgo,BBC,1,news,2025-10-12,"Egypt, France, Israel, Palestine, Qatar, United Kingdom"
https://www.bbc.com/news/articles/c36kldyyx27o,BBC,1,news,2025-10-12,"Cameroon, South Africa, United Kingdom"
https://www.bbc.com/sport/cricket/live/cjdymek14krt,BBC,0,sport,2025-10-12,"Australia, India, United Kingdom"
https://www.bbc.com/sport/football/live/cwyrw42407et,BBC,0,sport,2025-10-12,"Canada, United Kingdom"
https://www.bbc.com/sport/football/articles/c9qnq0y89wqo,BBC,0,sport,2025-10-12,"Belarus, Denmark, Greece, India, Ireland, Qatar, Russia, Saudi Arabia, Slovakia, South Africa, Ukraine"
https://www.bbc.com/sport/tennis/articles/cx2x2d749qwo,BBC,0,sport,2025-10-12,"India, Ireland, Monaco, Saudi Arabia, Slovakia, South Africa"
https://www.bbc.com/news/articles/ce8450380zyo,BBC,1,news,2025-10-12,"Denmark, Japan, United Kingdom"
https://www.bbc.com/news/articles/cp8w6kn2dyzo,BBC,1,news,2025-10-12,"Norway, Spain, United Kingdom"
https://www.bbc.com/news/articles/cly7lwp8pyno,BBC,1,news,2025-10-12,United Kingdom
https://www.bbc.com/news/articles/c3vzglyz35do,BBC,1,news,2025-10-12,"Austria, France, Switzerland"
https://www.bbc.com/news/articles/ce8681j3n07o,BBC,1,news,2025-10-12,NO_COUNTRIES
https://www.bbc.com/culture/article/20250619-the-best-books-of-2025,BBC,0,culture,2025-10-12,"Brazil, Hungary, Ireland, Japan, Lithuania, Namibia, North Korea, South Korea, Spain, Turkey, United Kingdom, United Republic of Tanzania, United States of America"
https://www.bbc.com/culture/article/20251007-the-turbulent-history-of-the-union-jack-flag,BBC,0,culture,2025-10-12,"France, Ireland, Japan, Pakistan, Poland, Turkey, United Kingdom, United States of America"
https://www.dr.dk/nyheder/indland/tv-2-medgiver-ikke-diversitet-nok-i-bachelorette,DR,1,indland,2025-10-12,Denmark
https://www.dr.dk/sporten/danmark-gaar-planken-ud-selvom-graekenland-har-ryggen-mod-muren,DR,0,sporten,2025-10-12,"Belarus, Denmark, Greece"
https://www.dr.dk/nyheder/indland/betjente-fortaeller-om-taskforces-nedsat-med-et-formaal-lukke-sager,DR,1,indland,2025-10-12,Denmark
https://www.dr.dk/sporten/monegaskisk-overraskelse-slaar-faetter-i-stor-finale,DR,0,sporten,2025-10-12,"China, Denmark, France, Monaco"
https://www.dr.dk/det-bedste-fra-dr/saa-du-bumse-kagen-i-bagedysten-derfor-elsker-nogle-se-paa-bumser-der-bliver-presset,DR,0,det-bedste-fra-dr,2025-10-12,Austria
https://www.dr.dk/nyheder/udland/nye-beskyldninger-mod-prins-andrew-kong-charles-har-gjort-alt-hvad-han-kunne,DR,1,udland,2025-10-12,United Kingdom
https://www.dr.dk/nyheder/udland/nord-stream-sagen-puster-til-gammel-konflikt-mellem-polen-og-tyskland,DR,1,udland,2025-10-12,"Denmark, Germany, Italy, Poland, Russia, Sweden, Ukraine"
https://www.dr.dk/sporten/seneste-sport/gauff-tager-stor-sejr-og-takker-landskvinde-opbakningen,DR,0,sporten,2025-10-12,"Austria, Belgium, China, Croatia, Czechia, Denmark, Finland, France, Germany, Indonesia, Israel, Italy, Japan, New Zealand, Norway, Palestine, Poland, Portugal, Republic of Serbia, Russia, Slovenia, South Africa, Spain, Sweden, Taiwan, Thailand, Ukraine, United States of America"
https://www.dr.dk/nyheder/indland/evakuerede-beboere-i-odense-forventes-tilbage-fra-naeste-uge,DR,1,indland,2025-10-12,Denmark
https://www.dr.dk/nyheder/seneste/hovedvej-er-genaabnet-efter-demonstration-mod-faeldning-af-traeer,DR,1,seneste,2025-10-12,"Afghanistan, Austria, Cameroon, Denmark, Germany, India, Israel, Madagascar, New Zealand, Norway, Pakistan, Russia, Sudan, Sweden, Ukraine, United States of America"
https://www.dr.dk/nyheder/udland/billedserie-skuespiller-diane-keatons-er-doed,DR,1,udland,2025-10-12,NO_COUNTRIES
https://www.dr.dk/nyheder/indland/efter-dr-s-afsloeringer-organisationer-kraever-bedre-tilsyn-med-bosteder,DR,1,indland,2025-10-12,NO_COUNTRIES
https://www.dr.dk/nyheder/udland/eu/donald-trump-og-egyptens-praesident-forventes-bevaerte-fredstopmoede-i-morgen,DR,1,udland,2025-10-12,"Denmark, Egypt, France, Israel, Italy, Palestine, Qatar, Turkey, United Kingdom"
https://www.dr.dk/nyheder/udland/israelere-paa-gidselpladsen-netanyahu-skal-ud-hurtigst-muligt,DR,1,udland,2025-10-12,"Israel, Palestine"
https://www.dr.dk/nyheder/seneste/bybus-paakoerer-bygning-i-indre-koebenhavn-tre-personer-er-paa-skadestuen,DR,1,seneste,2025-10-12,NO_COUNTRIES
https://www.dr.dk/sporten/cykling/counter-strike-er-byttet-ud-med-cykling-jacob-har-faaet-wildcard-til-vm,DR,0,sporten,2025-10-12,"Denmark, Netherlands, Rwanda"
https://www.dr.dk/nyheder/indland/forsoeg-med-unge-kontrolkoebere-af-tobak-og-alkohol-forlaenges-aar,DR,1,indland,2025-10-12,Denmark
https://www.dr.dk/nyheder/indland/skoleleder-pauser-kan-mindske-skolevaegring-blandt-boern,DR,1,indland,2025-10-12,NO_COUNTRIES
https://www.dr.dk/nyheder/regionale/nordjylland/nye-regler-faar-bilister-til-stroemme-til-daekcentrene,DR,1,regionale,2025-10-12,NO_COUNTRIES
https://www.dr.dk/nyheder/indland/mange-flere-besoeger-landets-museer-saerligt-en-gruppe-skiller-sig-ud,DR,1,indland,2025-10-12,Denmark
https://www.dr.dk/nyheder/udland/derfor-ringede-nobelpris-modtager-straks-til-trump-og-takkede-ham,DR,1,udland,2025-10-12,"China, Russia, United States of America, Venezuela"
https://www.dr.dk/sporten/tennis/foerst-slog-han-djokovic-og-nu-moeder-han-sin-faetter-i-usandsynlig-finale,DR,0,sporten,2025-10-12,"Denmark, France, Monaco"
https://www.tagesschau.de/inland/innenpolitik/afd-brandner-bundestag-100.html,ARD,1,inland,2025-10-12,NO_COUNTRIES
https://www.tagesschau.de/newsticker/liveblog-nahost-sonntag-288.html,ARD,0,newsticker,2025-10-12,"Egypt, France, Germany, Israel, Pakistan, Palestine, Qatar, Turkey, United Kingdom, United States of America"
https://www.tagesschau.de/ausland/europa/spanien-grabstaette-franco-100.html,ARD,1,ausland,2025-10-12,"Canada, Spain"
https://www.tagesschau.de/wirtschaft/verbraucher/herbst-urlaub-trendsaison-100.html,ARD,1,wirtschaft,2025-10-12,"Egypt, Germany, Greece, Spain, Turkey"
https://www.tagesschau.de/ausland/europa/eu-ein-ausreise-100.html,ARD,1,ausland,2025-10-12,"Brazil, Canada, Germany, Iceland, Ireland, Israel, Liechtenstein, Northern Cyprus, Norway, South Korea, Switzerland, United Kingdom, United States of America"
https://www.tagesschau.de/wirtschaft/weltwirtschaft/zoelle-usa-mexiko-ciudad-juarez-100.html,ARD,1,wirtschaft,2025-10-12,"Canada, China, Honduras, Mexico, United States of America"
https://www.tagesschau.de/ausland/china-usa-handel-108.html,ARD,1,ausland,2025-10-12,"Australia, Brazil, China, India, Mongolia, United States of America"
https://www.tagesschau.de/inland/gesellschaft/krankheiten-bekaempfung-bundesregierung-100.html,ARD,1,inland,2025-10-12,Germany
https://www.tagesschau.de/inland/innenpolitik/kommunen-am-limit-100.html,ARD,1,inland,2025-10-12,Germany
https://www.tagesschau.de/kultur/diane-keaton-106.html,ARD,0,kultur,2025-10-12,NO_COUNTRIES
"https://www.sportschau.de/triathlon/lovseth-gewinnt-drama-rennen-von-hawaii,ironman-wm-frauen-hawaii-102.html",ARD,0,triathlon,2025-10-12,"Germany, Iceland, Norway, United Kingdom"
https://www.tagesschau.de/inland/gesellschaft/cybergrooming-internet-100.html,ARD,1,inland,2025-10-12,"Austria, Vietnam"
https://www.tagesschau.de/ausland/amerika/tennessee-explosion-munitionsfabrik-100.html,ARD,1,ausland,2025-10-12,NO_COUNTRIES
https://www.tagesschau.de/investigativ/wdr/sozialunternehmen-africa-greentec-sahelzone-solarstrom-100.html,ARD,0,investigativ,2025-10-12,"Bangladesh, Germany, Madagascar, Mali, Niger, Poland, Senegal, Turkey"
https://www.tagesschau.de/investigativ/swr/binnenschifffahrt-autopiloten-unfaelle-regulierung-100.html,ARD,0,investigativ,2025-10-12,Germany
https://www.tagesschau.de/faktenfinder/afd-union-migration-asyl-100.html,ARD,0,faktenfinder,2025-10-12,"Afghanistan, Czechia, France, Germany, Greece, Northern Cyprus, Norway, Poland, Spain, Switzerland, Syria"
https://www.tagesschau.de/faktenfinder/schleswig-holstein-feiertage-muslime-100.html,ARD,0,faktenfinder,2025-10-12,Germany
https://www.tagesschau.de/wissen/klima/wattenmeer-immer-bedrohter-100.html,ARD,0,wissen,2025-10-12,"Albania, Denmark, Germany, Romania, Ukraine"
https://www.tagesschau.de/wirtschaft/weltwirtschaft/china-usa-zoelle-122.html,ARD,1,wirtschaft,2025-10-12,"China, South Korea, United States of America"
https://www.tagesschau.de/wirtschaft/finanzen/marktberichte/marktbericht-boerse-dax-dow-aktie-vw-tesla-oelpreis-gold-100.html,ARD,1,wirtschaft,2025-10-12,"China, France, Germany, Ireland, Israel, South Korea, Ukraine, United Kingdom, United States of America"
https://www.tagesschau.de/kultur/taylor-swift-charts-100.html,ARD,0,kultur,2025-10-12,Germany
https://www.tagesschau.de/kultur/variete-stummfilm-weimarer-zeit-100.html,ARD,0,kultur,2025-10-12,United States of America
https://www.tagesschau.de/wetter/deutschland/wettervorhersage-deutschland-100.html,ARD,0,wetter,2025-10-12,NO_COUNTRIES
https://www.bbc.com/news/live/cx2r2z0gyp7t,BBC,1,news,2025-10-13,"Israel, Palestine"
https://www.bbc.com/news/articles/c709jxxrrvlo,BBC,1,news,2025-10-13,"Egypt, Israel, Palestine, Russia, Ukraine, United States of America"
https://www.bbc.com/news/articles/cpvl9k4mw8no,BBC,1,news,2025-10-13,"Argentina, Germany, Israel, Nepal, Palestine, Republic of Serbia, Russia, South Africa, Thailand, United Kingdom, United States of America"
https://www.bbc.com/news/articles/cg5e551j593o,BBC,1,news,2025-10-13,"Israel, Jordan, Palestine"
https://www.bbc.com/news/articles/ckgk21nng0vo,BBC,1,news,2025-10-13,"China, Netherlands, Russia, United Kingdom, United States of America"
https://www.bbc.com/news/articles/c93xpqgzkv0o,BBC,1,news,2025-10-13,"Russia, Ukraine, United Kingdom"
https://www.bbc.com/news/articles/c4gk1z818z2o,BBC,1,news,2025-10-13,United States of America
https://www.bbc.com/news/live/cd9kdl54x9lt,BBC,1,news,2025-10-13,NO_COUNTRIES
https://www.bbc.com/news/articles/cwy8y0rnw2eo,BBC,1,news,2025-10-13,NO_COUNTRIES
https://www.bbc.com/news/articles/c364n004wxzo,BBC,1,news,2025-10-13,"China, South Korea"
https://www.bbc.com/travel/article/20251010-spirit-island-the-stunning-canadian-island-you-cant-visit,BBC,0,travel,2025-10-13,"Canada, India, Lithuania, Taiwan, United Kingdom, United States of America"
https://www.bbc.com/future/article/20251009-the-liquid-air-alternative-to-fossil-fuels,BBC,0,future,2025-10-13,"Australia, Japan, United Kingdom"
https://www.bbc.com/news/articles/c4gze7ely6vo,BBC,1,news,2025-10-13,"Afghanistan, India, Russia"
https://www.bbc.com/news/articles/cm2z7gkd87lo,BBC,1,news,2025-10-13,India
https://www.bbc.com/news/live/cqxr3y3788pt,BBC,1,news,2025-10-13,Madagascar
https://www.bbc.com/news/articles/c3drdy5ry2do,BBC,1,news,2025-10-13,United Kingdom
https://www.bbc.com/news/articles/c1e3pjl5492o,BBC,1,news,2025-10-13,"France, Mexico"
https://www.bbc.com/news/articles/ce329z0qv91o,BBC,1,news,2025-10-13,"South Africa, United Kingdom"
https://www.bbc.com/news/articles/cj076ynnlpgo,BBC,1,news,2025-10-13,NO_COUNTRIES
https://www.bbc.com/news/articles/cp3d554053lo,BBC,1,news,2025-10-13,NO_COUNTRIES
https://www.bbc.com/news/articles/c87y79y8g4qo,BBC,1,news,2025-10-13,NO_COUNTRIES
https://www.bbc.com/news/articles/cj97lvp2xjgo,BBC,1,news,2025-10-13,Cameroon
https://www.bbc.com/news/articles/cr5en8325yno,BBC,1,news,2025-10-13,"South Africa, Zimbabwe"
https://www.bbc.com/news/articles/c4g92xq8wdlo,BBC,1,news,2025-10-13,"Argentina, Brazil, China, Paraguay, Taiwan, United States of America"
https://www.bbc.com/news/articles/cjr5epw8dweo,BBC,1,news,2025-10-13,United Kingdom
https://www.bbc.com/sport/football/articles/c4gpdk0yn09o,BBC,0,sport,2025-10-13,Latvia
https://www.bbc.com/sport/football/articles/c3rvr0z531eo,BBC,0,sport,2025-10-13,"Germany, Republic of Serbia, Spain, United Kingdom"
https://www.bbc.com/sport/rugby-union/articles/c8x1lgkjveno,BBC,0,sport,2025-10-13,"Australia, France, United Kingdom"
https://www.bbc.com/sport/cricket/live/cvgvjmdex02t,BBC,0,sport,2025-10-13,NO_COUNTRIES
https://www.bbc.com/news/articles/crkjyrm5g1yo,BBC,1,news,2025-10-13,NO_COUNTRIES
https://www.bbc.com/news/articles/cly0rl2w5z1o,BBC,1,news,2025-10-13,NO_COUNTRIES
https://www.bbc.com/culture/article/20251008-eight-uk-thatched-cottages-that-define-cosycore,BBC,0,culture,2025-10-13,"Belgium, China, Denmark, France, Germany, Ireland, Netherlands, Norway, Sweden, United Kingdom"
https://www.bbc.com/travel/article/20251006-chiles-carretera-austral-a-tough-lonely-drive-to-the-end-of-the-world,BBC,0,travel,2025-10-13,"Antarctica, Chile, Egypt, Greenland"
https://www.bbc.com/travel/article/20251007-a-new-trail-honouring-englands-overlooked-king,BBC,0,travel,2025-10-13,NO_COUNTRIES
https://www.dr.dk/nyheder/udland/overblik-20-israelske-gidsler-loesladt-nu-venter-de-palaestinensiske-fanger,DR,1,udland,2025-10-13,"Israel, Palestine"
https://www.dr.dk/nyheder/udland/eu/spionanklager-har-ramt-ungarn-og-landets-eu-kommissaer-er-endt-i-soegelyset,DR,1,udland,2025-10-13,"Belgium, Germany, Hungary"
https://www.dr.dk/nyheder/vejret/voldsom-spansk-regn-tre-dage-i-traek-nye-varsler-i-dag,DR,1,vejret,2025-10-13,Spain
https://www.dr.dk/sporten/sejlsport/dansker-tog-fire-aars-pause-men-selv-med-gammelmands-skavanker-er-han-blandt-verdens-bedste,DR,0,sporten,2025-10-13,Denmark
https://www.dr.dk/nyheder/indland/han-ruskede-i-branchen-og-skoed-gang-i-laksegate-og-har-faaet-flere-kunder,DR,1,indland,2025-10-13,Denmark
https://www.dr.dk/nyheder/indland/microsoft-udfaser-styresystem-paa-hundredtusinder-af-danske-pc-er,DR,1,indland,2025-10-13,"Denmark, Iceland, Liechtenstein, Norway"
https://www.dr.dk/nyheder/politik/kommunalvalg/hvorfor-er-aeldre-triste-og-skuffede-over-hjemmehjaelp-grafer-giver-et-svar,DR,1,politik,2025-10-13,Denmark
https://www.dr.dk/nyheder/politik/kommunalvalg/86-aarige-poul-kunne-ikke-faa-et-rigtigt-bad-af-hjemmehjaelpen-saa-traadte-datter-og-barnebarn-til,DR,1,politik,2025-10-13,Denmark
https://www.dr.dk/nyheder/politik/kommunalvalg/hvor-faar-aeldre-mindst-hjemmehjaelp-tjek-dit-omraade,DR,1,politik,2025-10-13,Denmark
https://www.dr.dk/nyheder/udland/dansker-i-estland-efter-nye-russiske-provokationer-ved-graense-selvfoelgelig-tager-vi-det-alvorligt,DR,1,udland,2025-10-13,"Denmark, Estonia, Latvia, Lithuania, Russia, Ukraine"
https://www.dr.dk/nyheder/udland/170-stjaalne-boeger-fra-biblioteker-over-hele-europa-traekker-traade-til-rusland,DR,1,udland,2025-10-13,"Belarus, Czechia, Estonia, Finland, France, Georgia, Germany, Latvia, Lithuania, Poland, Russia, Switzerland, Ukraine"
https://www.dr.dk/nyheder/udland/diane-keaton-spillede-hverken-paa-det-afklaedte-eller-sexede-alligevel-var-hun-en-man-begaerede,DR,1,udland,2025-10-13,NO_COUNTRIES
https://www.dr.dk/det-bedste-fra-dr/traekker-du-vejret-gennem-naesen-eller-munden-det-kan-have-stoerre-betydning-end,DR,0,det-bedste-fra-dr,2025-10-13,NO_COUNTRIES
https://www.dr.dk/nyheder/indland/cecilie-fik-stjaalet-baade-bil-og-hund-nu-er-de-genforenet,DR,1,indland,2025-10-13,NO_COUNTRIES
https://www.dr.dk/p3/hver-anden-uge-moedes-chris-med-andre-maend-i-et-broderskab-jeg-kan-graede-over-en-fremmed-mand,DR,0,p3,2025-10-13,NO_COUNTRIES
https://www.dr.dk/nyheder/indland/live-seneste-nyt-fra-kommunalvalget,DR,1,indland,2025-10-13,Denmark
https://www.dr.dk/nyheder/viden/klima/ny-rapport-det-er-saa-godt-som-uundgaaeligt-verdens-koralrev-kollapser,DR,1,viden,2025-10-13,"Brazil, Denmark"
https://www.dr.dk/nyheder/indland/efter-lokale-protester-fortsaetter-buslinje-gennem-flere-smaa-byer,DR,1,indland,2025-10-13,NO_COUNTRIES
https://www.dr.dk/sporten/karakterer-danskere-scorer-et-10-tal-efter-sejr-over-graekenland,DR,0,sporten,2025-10-13,"Belarus, Denmark, Greece, Hungary, Monaco"
https://www.dr.dk/sporten/fodbold/landsholdet/ingen-gik-sultne-i-seng-da-danmark-straffede-graekenland,DR,0,sporten,2025-10-13,"Belarus, Denmark, Greece"
https://www.dr.dk/nyheder/udland/efter-usaedvanligt-oktobervejr-paa-everest-monsunen-aendrer-sig-og-goer-vandresaeson-mere-risikabel,DR,1,udland,2025-10-13,"China, Denmark, Nepal"
https://www.dr.dk/nyheder/folk-staar-i-koe-blive-en-del-af-usa-s-berygtede-immigrationshaer,DR,1,folk-staar-i-koe-blive-en-del-af-usa-s-berygtede-immigrationshaer,2025-10-13,"Denmark, El Salvador, United States of America"
https://www.dr.dk/nyheder/kultur/psykolog-stoeder-ofte-paa-samme-ubalance-her-er-tre-saetninger-der-kan-hjaelpe-par-videre,DR,1,kultur,2025-10-13,NO_COUNTRIES
https://www.dr.dk/nyheder/udland/estland-lukker-passage-paa-grund-af-oeget-russisk-militaer-aktivitet,DR,1,udland,2025-10-13,"Denmark, Estonia, Latvia, Lithuania, Russia, United States of America"
https://www.dr.dk/nyheder/udland/netanyahu-kalder-loesladelse-af-gidsler-en-historisk-begivenhed,DR,1,udland,2025-10-13,"Israel, Palestine"
https://www.tagesschau.de/newsticker/liveblog-nahost-montag-298.html,ARD,0,newsticker,2025-10-13,"Egypt, France, Germany, Iran, Israel, Italy, Palestine, Qatar, Turkey, United Kingdom, United States of America"
https://www.tagesschau.de/ausland/asien/alle-geiseln-frei-israel-100.html,ARD,1,ausland,2025-10-13,"Egypt, Germany, Israel, Qatar, Turkey"
https://www.tagesschau.de/ausland/asien/interview-fuchs-geiselfreilassung-100.html,ARD,1,ausland,2025-10-13,"Egypt, Germany, Israel, Palestine, Qatar, Turkey, United States of America"
https://www.tagesschau.de/inland/innenpolitik/losverfahren-wehrdienst-debatte-100.html,ARD,1,inland,2025-10-13,Germany
https://www.tagesschau.de/wirtschaft/nobelpreis-auszeichung-wirtschaftswissenschaften-100.html,ARD,1,wirtschaft,2025-10-13,"Canada, France, Israel, Sweden, United Kingdom, United States of America"
https://www.tagesschau.de/wirtschaft/autoindustrie-krise-deutschland-kann-innovation-100.html,ARD,1,wirtschaft,2025-10-13,Germany
https://www.tagesschau.de/wirtschaft/unternehmen/insolvenzen-pleitewelle-100.html,ARD,1,wirtschaft,2025-10-13,"Germany, United States of America"
https://www.tagesschau.de/ausland/frankreich-regierungskrise-lecornu-102.html,ARD,1,ausland,2025-10-13,France
https://www.tagesschau.de/wissen/gesundheit/antibiotikaresistenzen-102.html,ARD,0,wissen,2025-10-13,Germany
https://www.tagesschau.de/antibiotika-resistenzen-who-krankenhauskeim-100.html,ARD,0,antibiotika,2025-10-13,Germany
https://www.tagesschau.de/wirtschaft/technologie/patente-deutschland-migration-100.html,ARD,1,wirtschaft,2025-10-13,"Czechia, Germany, India, Poland, Romania, Turkey, United States of America"
https://www.tagesschau.de/wissen/corona-grippe-102.html,ARD,0,wissen,2025-10-13,Germany
https://www.tagesschau.de/investigativ/swr/pfas-fische-nordsee-ostsee-100.html,ARD,0,investigativ,2025-10-13,"Denmark, Germany, Netherlands, Norway, Sweden"
https://www.tagesschau.de/inland/regional/badenwuerttemberg/cyberkriminalitaet-polizei-betrugs-websites-100.html,ARD,1,inland,2025-10-13,Germany
https://www.tagesschau.de/inland/klingbeil-infrastruktur-modernisierung-100.html,ARD,1,inland,2025-10-13,Germany
https://www.tagesschau.de/ausland/europa/selenskyj-trump-ukraine-100.html,ARD,1,ausland,2025-10-13,"Israel, Russia, Ukraine"
https://www.tagesschau.de/investigativ/ndr/gaza-spenden-betrug-100.html,ARD,0,investigativ,2025-10-13,"Australia, Egypt, Germany, Israel, Italy, Palestine"
https://www.tagesschau.de/wissen/klima/kipppunkte-risikozone-100.html,ARD,0,wissen,2025-10-13,"Antarctica, Brazil, Greenland"
https://www.tagesschau.de/wissen/gesundheit/sterblichkeit-weltweit-100.html,ARD,0,wissen,2025-10-13,United States of America
https://www.tagesschau.de/wirtschaft/finanzen/marktberichte/marktbericht-trump-boerse-dax-china-usa-handelsstreit-oel-gold-100.html,ARD,1,wirtschaft,2025-10-13,"Australia, China, Germany, United Kingdom, United States of America"
https://www.bbc.com/news/articles/cr430epq45go,BBC,1,news,2025-10-13,"Israel, Palestine"
https://www.bbc.com/news/articles/cd9kd2e073wo,BBC,1,news,2025-10-13,"Canada, China, India, Singapore"
https://www.bbc.com/news/articles/ce3x1qrd2kno,BBC,1,news,2025-10-13,"Germany, Ireland"
https://www.bbc.com/sport/cricket/articles/crexdqd9zxdo,BBC,0,sport,2025-10-13,"Australia, India"
https://www.bbc.com/sport/snooker/articles/cze65163222o,BBC,0,sport,2025-10-13,"China, United Kingdom"
https://www.bbc.com/sport/football/articles/cr7mr47gzxyo,BBC,0,sport,2025-10-13,"Israel, Norway"
https://www.dr.dk/det-bedste-fra-dr/eksperter-goer-status-det-kan-vi-laere-af-gift-ved-foerste-blik-parrene,DR,0,det-bedste-fra-dr,2025-10-13,NO_COUNTRIES
https://www.dr.dk/sporten/seneste-sport/dansker-skyder-sig-til-vm-bronze,DR,0,sporten,2025-10-13,"Austria, Belgium, Croatia, Czechia, Denmark, Finland, France, Germany, Greece, Indonesia, Israel, Italy, Japan, Netherlands, New Zealand, Norway, Palestine, Portugal, Slovenia, Spain, Sweden, Taiwan, Thailand, Ukraine, United States of America"
https://www.tagesschau.de/ausland/asien/trump-rede-knesset-100.html,ARD,1,ausland,2025-10-13,"Egypt, Israel, Palestine, United States of America"
https://www.tagesschau.de/inland/innenpolitik/warken-reformen-gesundheitswesen-100.html,ARD,1,inland,2025-10-13,Germany
https://www.tagesschau.de/wirtschaft/weltwirtschaft/china-aussenhandel-importe-exporte-100.html,ARD,1,wirtschaft,2025-10-13,"China, Germany, United States of America"
https://www.tagesschau.de/ausland/europa/zugunglueck-slowakei-100.html,ARD,1,ausland,2025-10-13,"Hungary, Slovakia"
"https://www.sportschau.de/fussball/nationalmannschaft/selbstgewusst-und-gut-nagelsmann-setzt-auf-nico-schlotterbeck,wm-quali-nordirland-100.html",ARD,0,sport,2025-10-13,"Canada, Germany, Japan, Luxembourg, Mexico, Qatar, Slovakia, United States of America"
https://www.tagesschau.de/inland/gesellschaft/mannheim-amokfahrt-motiv-100.html,ARD,1,inland,2025-10-13,"Germany, Italy"
https://www.tagesschau.de/wirtschaft/weltwirtschaft/trump-china-zoelle-102.html,ARD,1,wirtschaft,2025-10-13,"China, South Korea, United States of America"
https://www.bbc.com/news/articles/c62e3pny6p7o,BBC,1,news,2025-10-14,"Belgium, France"
https://www.bbc.com/news/articles/cj9zmeerp1xo,BBC,1,news,2025-10-14,"India, Japan, Sweden, United Kingdom"
https://www.bbc.com/news/articles/c9865l8540eo,BBC,1,news,2025-10-14,"Argentina, Bangladesh, United Kingdom, Vietnam"
https://www.bbc.com/news/articles/c0l7899352ro,BBC,1,news,2025-10-14,Georgia
https://www.bbc.com/future/article/20251013-how-your-hormones-control-your-mind,BBC,0,future,2025-10-14,Canada
https://www.bbc.com/culture/article/20180611-why-frankenstein-is-the-story-that-defined-our-fears,BBC,0,culture,2025-10-14,"China, Greece, Italy, Japan, United States of America"
https://www.bbc.com/news/articles/crl2ryw2w36o,BBC,1,news,2025-10-14,Japan
https://www.bbc.com/news/articles/cqjwlxjn1xgo,BBC,1,news,2025-10-14,"Australia, Burkina Faso, China, Colombia, Norway, Venezuela, Zimbabwe"
https://www.bbc.com/news/articles/ckgk2pn4v9lo,BBC,1,news,2025-10-14,"France, Netherlands, Russia, Slovenia, United Kingdom"
https://www.bbc.com/news/articles/cx27yze8p0jo,BBC,1,news,2025-10-14,"India, United States of America"
https://www.bbc.co.uk/news/resources/idt-5f8c77b0-92bc-40f2-bf21-6793abbe5ffe,BBC,1,news,2025-10-14,"The Bahamas, United Kingdom"
https://www.bbc.com/news/articles/cqjevxvxw9xo,BBC,1,news,2025-10-14,"India, Philippines"
https://www.bbc.com/travel/article/20251010-riding-the-rhine-europes-first-certified-long-distance-cycle-path,BBC,0,travel,2025-10-14,"Canada, France, Germany, Netherlands, Norway, Spain, Switzerland"
https://www.bbc.com/news/articles/cr5qygr6d5yo,BBC,1,news,2025-10-14,"China, Germany, India"
https://www.bbc.com/news/articles/c98n4g3p1x8o,BBC,1,news,2025-10-14,NO_COUNTRIES
https://www.bbc.com/news/articles/cdxydpr1zz2o,BBC,1,news,2025-10-14,NO_COUNTRIES
https://www.bbc.com/news/articles/ckgywnjkrlqo,BBC,1,news,2025-10-14,United States of America
https://www.bbc.com/news/articles/cwy747kdzdzo,BBC,1,news,2025-10-14,"Canada, Mexico"
https://www.bbc.com/news/articles/ckgr71z0jp4o,BBC,1,news,2025-10-14,"Australia, Canada, Egypt, France, Israel, Italy, Japan, Jordan, Lebanon, New Zealand, Palestine, Portugal, Switzerland, Syria, United Kingdom"
https://www.bbc.com/news/articles/c891w435dw9o,BBC,1,news,2025-10-14,"Cabo Verde, Cameroon, eSwatini"
https://www.bbc.com/news/articles/c5y03zg5wwxo,BBC,1,news,2025-10-14,"Australia, United Kingdom"
https://www.bbc.com/news/articles/cn092p27xn0o,BBC,1,news,2025-10-14,"Argentina, Canada, China, France, Germany, India, Italy, Japan, Russia, Spain, United Kingdom, United States of America"
https://www.bbc.com/news/articles/c0rpwk51qxro,BBC,1,news,2025-10-14,"Japan, Russia, United Kingdom"
https://www.bbc.com/news/articles/ced61d1y6yyo,BBC,1,news,2025-10-14,"Canada, Japan, Sweden, United Kingdom"
https://www.bbc.com/news/articles/ce3x1elkxvvo,BBC,1,news,2025-10-14,"China, South Korea, United States of America"
https://www.bbc.com/sport/cricket/articles/c9wvjw58gvlo,BBC,0,sport,2025-10-14,Australia
https://www.bbc.com/sport/football/live/cdrzl34mdgzt,BBC,0,sport,2025-10-14,NO_COUNTRIES
https://www.bbc.com/sport/football/articles/cvgvdx84v0do,BBC,0,sport,2025-10-14,"Lithuania, Poland, Spain"
https://www.bbc.com/sport/darts/articles/cy5qy49d04yo,BBC,0,sport,2025-10-14,"Netherlands, United Kingdom"
https://www.bbc.com/news/articles/c891lw1d7ezo,BBC,1,news,2025-10-14,Qatar
https://www.bbc.com/news/articles/cd7r31p0eyyo,BBC,1,news,2025-10-14,United Kingdom
https://www.bbc.com/news/articles/ced61xv967lo,BBC,1,news,2025-10-14,"Russia, United Kingdom"
https://www.bbc.com/news/articles/c5yldldx659o,BBC,1,news,2025-10-14,United Kingdom
https://www.bbc.com/news/articles/cn8vl1kye4yo,BBC,1,news,2025-10-14,"Canada, United Kingdom"
https://www.bbc.com/news/articles/cd9kdkxy3veo,BBC,1,news,2025-10-14,United Kingdom
https://www.bbc.com/news/articles/cddm1lrjy7lo,BBC,1,news,2025-10-14,United Kingdom
https://www.bbc.com/news/articles/c5yl89jp538o,BBC,1,news,2025-10-14,"Austria, Iceland, Ireland, Israel, Netherlands, Palestine, Slovenia, Spain"
https://www.bbc.com/news/articles/c5y4kpmzl1mo,BBC,1,news,2025-10-14,NO_COUNTRIES
https://www.bbc.com/culture/article/20251013-mr-scorsese-review,BBC,0,culture,2025-10-14,Italy
https://www.bbc.com/travel/article/20251003-100-dishes-in-40-days-indias-epic-wedding-feast,BBC,0,travel,2025-10-14,"India, Netherlands, Portugal, United Kingdom"
https://www.bbc.com/travel/article/20250909-kvikk-lunsj-the-controversial-sweet-that-fuels-norwegians,BBC,0,travel,2025-10-14,"Canada, Germany, Netherlands, Norway, Poland, Russia, Switzerland, Ukraine, United Kingdom, United States of America"
https://www.bbc.com/travel/article/20250905-is-cheese-the-new-reason-to-travel,BBC,0,travel,2025-10-14,"France, The Bahamas"
https://www.dr.dk/sporten/fodbold/jon-dahl-tomasson-fyret-som-svensk-landstraener,DR,0,sporten,2025-10-14,"Denmark, Kosovo, Sweden"
https://www.dr.dk/nyheder/indland/groenland/groenlandsk-parti-i-oproer-over-forsvarsaftale-danskerne-goer-groenland-til-militaert-maal,DR,1,indland,2025-10-14,"Denmark, Greenland, Iceland"
https://www.dr.dk/nyheder/udland/militaeret-overtager-styret-i-madagaskar,DR,1,udland,2025-10-14,Madagascar
https://www.dr.dk/nyheder/kultur/jeg-bliver-flov-helt-ind-i-knoglemarven-johnny-madsens-soen-langer-endnu-engang-ud-efter-ven-til,DR,1,kultur,2025-10-14,Denmark
https://www.dr.dk/nyheder/vejret/stormen-amy-traekker-stadig-spor-i-norge-stroemafbrydelser-og-enorme-skader,DR,1,vejret,2025-10-14,"Denmark, Norway"
https://www.dr.dk/p3/simon-laver-saerlige-mandegrupper-mange-maend-foeler-sig-rodloese,DR,0,p3,2025-10-14,NO_COUNTRIES
https://www.dr.dk/nyheder/udland/tyskland-vil-give-pensionister-lov-til-tjene-naesten-15-000-kroner-om-maaneden-skattefrit,DR,1,udland,2025-10-14,"Denmark, Germany, Poland"
https://www.dr.dk/nyheder/udland/medier-saetter-foden-ned-overfor-nye-presseregler-i-pentagon,DR,1,udland,2025-10-14,United States of America
https://www.dr.dk/nyheder/udland/enestaaende-optagelser-af-krigspropaganda-i-russiske-skoler-blev-til-dansk-dokumentar,DR,1,udland,2025-10-14,"Denmark, Russia, Ukraine, United States of America"
https://www.dr.dk/nyheder/penge/ny-liste-afsloerer-de-bedste-lande-bosaette-sig-i-som-pensionist,DR,1,penge,2025-10-14,"Denmark, Mauritius, Netherlands, Portugal, Spain"
https://www.dr.dk/nyheder/kultur/historie/400-aar-siden-braendte-man-hekse-paa-baalet-vi-er-ikke-meget-anderledes-i-dag-siger-rane-willerslev,DR,1,kultur,2025-10-14,"Denmark, United States of America"
https://www.dr.dk/nyheder/kultur/historie/med-sit-eget-blod-skrev-han-en-pagt-med-djaevlen-snart-kan-du-laese-den-online,DR,1,kultur,2025-10-14,NO_COUNTRIES
https://www.dr.dk/nyheder/kultur/da-solveig-saa-dynen-bevaege-sig-havde-hun-svaert-ved-tro-sine-egne-oejne,DR,1,kultur,2025-10-14,"Denmark, Netherlands"
https://www.dr.dk/nyheder/politik/kommunalvalg/samsoe-presses-af-stor-mangel-paa-plejepersonale-det-er-som-sidde-paa-aarhus-hovedbanegaard,DR,1,politik,2025-10-14,Denmark
https://www.dr.dk/nyheder/politik/kommunalvalg/faerre-plejere-til-mange-flere-aeldre-paa-seks-dage-fik-tina-besoeg-af-seks-forskellige-hjaelpere,DR,1,politik,2025-10-14,Denmark
https://www.dr.dk/nyheder/indland/hoejesteret-giver-advokater-nej-til-aktindsigt-i-stor-svindelsag,DR,1,indland,2025-10-14,NO_COUNTRIES
https://www.dr.dk/nyheder/udland/trump-har-erklaeret-fred-i-mellemoesten-men-hvor-taet-er-vi-egentlig-paa-fred,DR,1,udland,2025-10-14,"Egypt, Israel, Palestine, Qatar, Saudi Arabia, Turkey, United States of America"
https://www.dr.dk/nyheder/udland/analyse-trump-gik-fra-sejrsrunde-til-sejrsrunde-i-gaar-i-mellemoesten-men-der-er-lang-vej-til-varig,DR,1,udland,2025-10-14,"Egypt, Israel, Pakistan, Palestine, United States of America"
https://www.dr.dk/sporten/verdens-bedste-er-samlet-i-odense,DR,0,sporten,2025-10-14,Denmark
https://www.dr.dk/nyheder/penge/trump-oeger-tolden-paa-varer-fra-vietnam-og-det-rammer-danske-virksomheder,DR,1,penge,2025-10-14,"China, Denmark, United States of America, Vietnam"
https://www.dr.dk/nyheder/signe-vedersoe-keldorff-er-kv-kandidat-selvfoelgelig-kigger-jeg-mig-over-skulderen,DR,1,signe-vedersoe-keldorff-er-kv-kandidat-selvfoelgelig-kigger-jeg-mig-over-skulderen,2025-10-14,Denmark
https://www.dr.dk/nyheder/politik/kommunalvalg/du-burde-vaere-doed-kandidater-oplever-blive-chikaneret,DR,1,politik,2025-10-14,NO_COUNTRIES
https://www.dr.dk/sporten/atletik/suveraen-verdensmester-skifter-disciplin-fordi-hun-vil-udfordres,DR,0,sporten,2025-10-14,"Netherlands, United Kingdom"
https://www.dr.dk/nyheder/indland/slut-med-hundedyre-vikarer-regioner-vil-fastansaette-laeger-i-psykiatrien,DR,1,indland,2025-10-14,Denmark
https://www.dr.dk/nyheder/udland/nato-chef-joker-om-russiske-ubaade-det-er-jagten-paa-den-naermeste-mekaniker,DR,1,udland,2025-10-14,"Netherlands, Russia, Slovenia, Ukraine, United Kingdom"
https://www.dr.dk/nyheder/indland/forsvaret-goer-sig-klar-til-fremtidens-krig-nu-begynder-traening-med-og-mod-angrebsdroner,DR,1,indland,2025-10-14,"Canada, Denmark, Latvia, Ukraine"
https://www.dr.dk/nyheder/vejret/vejret-ser-tungt-ud-nu-men-der-er-lys-forude,DR,1,vejret,2025-10-14,Denmark
https://www.dr.dk/nyheder/indland/parterapeut-ser-samme-problem-gaa-igen-man-skal-vaere-hinandens-bedste,DR,1,indland,2025-10-14,Denmark
https://www.dr.dk/nyheder/viden/natur/europas-stoerste-flagermus-kan-fange-og-spise-spurvefugle-i-luften,DR,1,viden,2025-10-14,"Denmark, Greece, Spain"
https://www.dr.dk/nyheder/politik/kommunalvalg/otte-kandidater-kaemper-om-borgmesterkaeden-i-ringkoebing-skjern,DR,1,politik,2025-10-14,Denmark
https://www.dr.dk/nyheder/vejret/det-holder-toert-hele-efteraarsferien,DR,1,vejret,2025-10-14,Denmark
https://www.dr.dk/nyheder/udland/militaerkup-undervejs-i-madagaskar-praesidenten-er-vaek,DR,1,udland,2025-10-14,"Denmark, France, Japan, Madagascar"
https://www.dr.dk/nyheder/udland/zelenskyj-vaabenhvile-i-mellemoesten-giver-haab-ukraine,DR,1,udland,2025-10-14,"Israel, Russia, Ukraine, United States of America, Venezuela"
https://www.dr.dk/sporten/badminton/mistrivsel-foerte-til-brud-med-forbund-foelte-mig-taget-med-bukserne-nede,DR,0,sporten,2025-10-14,Denmark
https://www.dr.dk/nyheder/indland/45-aarig-faengslet-i-fire-uger-troede-han-skulle-voldtage-tre-boern,DR,1,indland,2025-10-14,NO_COUNTRIES
https://www.tagesschau.de/inland/wehrdienst-einigung-losverfahren-100.html,ARD,1,inland,2025-10-14,NO_COUNTRIES
https://www.tagesschau.de/ausland/israel-tel-aviv-emotionen-nach-uebergabe-100.html,ARD,1,ausland,2025-10-14,"Israel, Palestine"
https://www.tagesschau.de/newsticker/liveblog-nahost-dienstag-296.html,ARD,0,newsticker,2025-10-14,"China, Egypt, France, Germany, Iran, Israel, Jordan, Palestine, Qatar, Romania, Russia, Spain, Turkey, United Kingdom, United States of America"
https://www.tagesschau.de/ausland/asien/faq-gaza-nach-freilassungen-100.html,ARD,1,ausland,2025-10-14,"Egypt, France, Germany, Israel, Jordan, Palestine, Qatar, Russia, Turkey, Ukraine, United Kingdom, United States of America"
https://www.tagesschau.de/ausland/europa/vorwuerfe-babis-fotos-100.html,ARD,1,ausland,2025-10-14,"Czechia, Russia, Ukraine"
https://www.tagesschau.de/wissen/gesundheit/usa-gesundheit-afrika-100.html,ARD,0,wissen,2025-10-14,"Uganda, United States of America"
https://www.tagesschau.de/wirtschaft/weltwirtschaft/usa-china-gebuehren-schiffe-100.html,ARD,1,wirtschaft,2025-10-14,"China, United States of America"
https://www.tagesschau.de/ausland/selenskyj-treffen-trump-verhandlung-waffenlieferungen-100.html,ARD,1,ausland,2025-10-14,"Germany, Russia, Ukraine, United States of America"
https://www.tagesschau.de/ausland/europa/russland-georgien-egmr-kaukasuskrieg-100.html,ARD,1,ausland,2025-10-14,"Georgia, Russia, Ukraine"
https://www.tagesschau.de/investigativ/panorama/justiz-institutioneller-rassismus-100.html,ARD,0,investigativ,2025-10-14,Germany
https://www.tagesschau.de/wirtschaft/arbeitsmarkt/aok-krankenstand-100.html,ARD,1,wirtschaft,2025-10-14,Germany
https://www.tagesschau.de/wirtschaft/unternehmen/benko-prozessauftakt-102.html,ARD,1,wirtschaft,2025-10-14,"Austria, Germany"
"https://www.tagesschau.de/inland/regional/mecklenburgvorpommern/kinderleiche-im-wald-bei-guestrow-verbrechen-an-fabian-vermutet,vermissterjunge-102.html",ARD,1,inland,2025-10-14,NO_COUNTRIES
https://www.tagesschau.de/wirtschaft/unternehmen/biontech-curevac-uebernahme-mrna-krebs-100.html,ARD,1,wirtschaft,2025-10-14,NO_COUNTRIES
https://www.tagesschau.de/wirtschaft/verbraucher/heizen-studie-100.html,ARD,1,wirtschaft,2025-10-14,"Germany, Ukraine"
https://www.tagesschau.de/wirtschaft/unternehmen/google-ki-indien-100.html,ARD,1,wirtschaft,2025-10-14,"India, Malaysia, Singapore, Thailand, United States of America"
https://www.tagesschau.de/wissen/wald-zerstoerung-zunahme-100.html,ARD,0,wissen,2025-10-14,"Australia, Brazil, Germany, Republic of the Congo"
https://www.tagesschau.de/wirtschaft/unternehmen/bucheinzelhandel-statistik-100.html,ARD,1,wirtschaft,2025-10-14,NO_COUNTRIES
https://www.tagesschau.de/kultur/philippinen-rizal-100.html,ARD,0,kultur,2025-10-14,"Cuba, Germany, Philippines, Spain, United States of America"
https://www.tagesschau.de/wissen/forschung/fledermaeuse-voegel-100.html,ARD,0,wissen,2025-10-14,"Denmark, Spain"
"https://www.sportschau.de/fussball/nationalmannschaft/bestandene-pruefung-in-der-null-komfort-zone,nordirland-deutschland-analyse-100.html",ARD,0,sport,2025-10-14,"Finland, Germany, Ivory Coast, Luxembourg, Qatar, Slovakia"
"https://www.sportschau.de/fussball/fifa-wm-2026/wm-2026-diese-teams-sind-bereits-qualifiziert,wm-qualifikation-diese-teams-sind-dabei-100.html",ARD,0,sport,2025-10-14,"Algeria, Argentina, Belgium, Brazil, Cabo Verde, Canada, Chile, China, Colombia, Cuba, Ecuador, Egypt, France, Germany, Ghana, Guinea-Bissau, Hungary, India, Iran, Italy, Japan, Jordan, Mexico, New Zealnd, Paraguay, Peru, Portugal, Qatar, Slovakia, South Korea, Switzerland, Taiwan, Tunisia, Turkey, United States of America, Uruguay"
https://www.tagesschau.de/ausland/nahost-israel-hamas-aegypten-100.html,ARD,1,ausland,2025-10-14,"Egypt, Germany, Iran, Israel, Palestine, Qatar, Turkey, United States of America"
https://www.tagesschau.de/wirtschaft/nobelpreis-wirtschaftswissenschaften-mokyr-100.html,ARD,1,wirtschaft,2025-10-14,"Austria, China, France, Iceland, United States of America"
https://www.tagesschau.de/wirtschaft/finanzen/marktberichte/marktbericht-boerse-aktien-dax-dow-jones-118.html,ARD,1,wirtschaft,2025-10-14,"China, Germany, India, Mexico, South Korea, United States of America"
https://www.tagesschau.de/kultur/buchpreis-elmiger-100.html,ARD,0,kultur,2025-10-14,"Germany, Switzerland"
